<?xml version="1.0" encoding="UTF-8"?>
<project-private xmlns="http://www.netbeans.org/ns/project-private/1">
    <editor-bookmarks xmlns="http://www.netbeans.org/ns/editor-bookmarks/2" lastBookmarkId="0"/>
    <open-files xmlns="http://www.netbeans.org/ns/projectui-open-files/2">
        <group>
            <file>file:/C:/Users/pereiraf/Documents/NetBeansProjects/QRCode-Generator-PHP-Class-master/composer.json</file>
            <file>file:/C:/Users/pereiraf/Documents/NetBeansProjects/QRCode-Generator-PHP-Class-master/schulerLogo.png</file>
            <file>file:/C:/Users/pereiraf/Documents/NetBeansProjects/QRCode-Generator-PHP-Class-master/QRCode.class.php</file>
            <file>file:/C:/Users/pereiraf/Documents/NetBeansProjects/QRCode-Generator-PHP-Class-master/QRCode2.png</file>
            <file>file:/C:/Users/pereiraf/Documents/NetBeansProjects/QRCode-Generator-PHP-Class-master/QRCode.png</file>
            <file>file:/C:/Users/pereiraf/Documents/NetBeansProjects/QRCode-Generator-PHP-Class-master/testeQRCode.php</file>
        </group>
    </open-files>
</project-private>
